Plant_name,Forecast
E1,49.53446501901738
E2,33.99046696951191
E3,9.250920024465907
E4,95.96599594743262
E5,106.76627028774618
E6,258.008389649904
E7,71.76895251939132
E8,123.77118724522697
E9,79.13998444804417
E10,167.39805526756837
E11,178.6075591211028
E12,275.066338423123
E13,84.15649623849212
E14,22.010278438601993
E15,377.30629216345676
E16,73.0441170061903
E17,24.463358459830015
E18,5.8525943753952205
E19,151.00631503501367
E20,138.50744980370987
E21,50.7070344099048
E22,10.093829620716358
E23,59.93174781425252
E24,133.7153082158751
W1,405.18491464996794
W2,120.93267465017132
W3,130.43867159343066
W4,138.1190755886175
W5,139.7318625449261
W6,65.27156951468572
W7,15.442063596642267
W8,12.697638161442
W9,47.171808258719985
W10,47.18344679489073
W11,58.74033886618361
W12,156.66903820277665
W13,47.02877516588575
W14,88.088213688621
W15,60.497093964453406
S1,118.86589845155731
S2,136.1069129139545
S3,224.08278143293668
S4,73.00103201249769
S5,20.226377270692897
S6,366.2558666065067
S7,74.79141610981607
S8,26.339724231270104
S9,6.636765288319369
S10,177.89668587953915
S11,170.32481901786844
S12,64.97006826803177
S13,13.43413193843714
S14,82.94039639396115
S15,191.7500117538673
S16,259.80599931853
S17,237.05169103347492
S18,308.6079806758368
S19,47.013826964233104
S20,99.16973805241273
S21,182.258531230317
S22,420.5270278759576
S23,14.186367586102886
S24,340.2310950988661
S25,441.0694074272865
S26,77.05941744706595
S27,61.453283227937035
S28,352.50307341803455
S29,449.7247716359717
S30,175.38975196599714
S31,151.12720552115286
S32,125.67690133733838
S33,188.5107547167248
S34,26.344333469048443
S35,298.6732453665805
N1,74.00631589492774
N2,67.38198679128321
N3,87.36354889459089
N4,13.362397408642188
N5,27.4851751973671
N6,49.577770780119735
N7,113.30132436319472
N8,3.88442488479601
N9,90.75751256105997
N10,118.50541105097096
N11,21.058539291049232
N12,16.48849158114375
N13,92.7922066440286
N14,119.23498080883606
N15,47.19629088433469
N16,39.23490222706244
N17,31.710305578949583
N18,55.13932384273348
N19,28.113080892164984
N20,81.85045200206272
N21,88.05540349961134
N22,148.03331770100607
N23,207.90602705947825
N24,4.266661119525374
N25,20.555367758909775
N26,235.47089859863476
